{
    "name": "root",
    "gauges": {
        "MoveToGoal.Policy.Entropy.mean": {
            "value": 1.081041932106018,
            "min": 1.0791270732879639,
            "max": 1.4021451473236084,
            "count": 41
        },
        "MoveToGoal.Policy.Entropy.sum": {
            "value": 10813.662109375,
            "min": 10794.5078125,
            "max": 14035.47265625,
            "count": 41
        },
        "MoveToGoal.Step.mean": {
            "value": 409994.0,
            "min": 9946.0,
            "max": 409994.0,
            "count": 41
        },
        "MoveToGoal.Step.sum": {
            "value": 409994.0,
            "min": 9946.0,
            "max": 409994.0,
            "count": 41
        },
        "MoveToGoal.Policy.ExtrinsicValueEstimate.mean": {
            "value": 0.7440348863601685,
            "min": 0.25482508540153503,
            "max": 0.773958146572113,
            "count": 41
        },
        "MoveToGoal.Policy.ExtrinsicValueEstimate.sum": {
            "value": 230.65081787109375,
            "min": 52.23914337158203,
            "max": 243.5307159423828,
            "count": 41
        },
        "MoveToGoal.Losses.PolicyLoss.mean": {
            "value": 0.2417851049201517,
            "min": 0.2382905507476868,
            "max": 0.2524074665586474,
            "count": 41
        },
        "MoveToGoal.Losses.PolicyLoss.sum": {
            "value": 19.82637860345244,
            "min": 18.150277996346325,
            "max": 20.595235305781216,
            "count": 41
        },
        "MoveToGoal.Losses.ValueLoss.mean": {
            "value": 0.019460670044461146,
            "min": 0.00486880217899871,
            "max": 0.029733872067702487,
            "count": 41
        },
        "MoveToGoal.Losses.ValueLoss.sum": {
            "value": 1.595774943645814,
            "min": 0.3846353721408981,
            "max": 2.4679113816193063,
            "count": 41
        },
        "MoveToGoal.Policy.LearningRate.mean": {
            "value": 5.7025083430690244e-05,
            "min": 5.7025083430690244e-05,
            "max": 0.00029699360900213063,
            "count": 41
        },
        "MoveToGoal.Policy.LearningRate.sum": {
            "value": 0.0046760568413166,
            "min": 0.0046760568413166,
            "max": 0.0227005736331422,
            "count": 41
        },
        "MoveToGoal.Policy.Epsilon.mean": {
            "value": 0.11900833414634145,
            "min": 0.11900833414634145,
            "max": 0.19899786933333335,
            "count": 41
        },
        "MoveToGoal.Policy.Epsilon.sum": {
            "value": 9.758683399999999,
            "min": 9.758683399999999,
            "max": 15.634665800000002,
            "count": 41
        },
        "MoveToGoal.Policy.Beta.mean": {
            "value": 0.0005000000000000001,
            "min": 0.0005000000000000001,
            "max": 0.0005000000000000001,
            "count": 41
        },
        "MoveToGoal.Policy.Beta.sum": {
            "value": 0.04100000000000001,
            "min": 0.037500000000000006,
            "max": 0.04150000000000001,
            "count": 41
        },
        "MoveToGoal.Environment.EpisodeLength.mean": {
            "value": 38.381889763779526,
            "min": 35.242753623188406,
            "max": 147.44776119402985,
            "count": 41
        },
        "MoveToGoal.Environment.EpisodeLength.sum": {
            "value": 9749.0,
            "min": 9646.0,
            "max": 9968.0,
            "count": 41
        },
        "MoveToGoal.Environment.CumulativeReward.mean": {
            "value": 0.9133858267716536,
            "min": 0.29850746268656714,
            "max": 0.9246861924686193,
            "count": 41
        },
        "MoveToGoal.Environment.CumulativeReward.sum": {
            "value": 232.0,
            "min": 20.0,
            "max": 254.0,
            "count": 41
        },
        "MoveToGoal.Policy.ExtrinsicReward.mean": {
            "value": 0.9133858267716536,
            "min": 0.29850746268656714,
            "max": 0.9246861924686193,
            "count": 41
        },
        "MoveToGoal.Policy.ExtrinsicReward.sum": {
            "value": 232.0,
            "min": 20.0,
            "max": 254.0,
            "count": 41
        },
        "MoveToGoal.IsTraining.mean": {
            "value": 1.0,
            "min": 1.0,
            "max": 1.0,
            "count": 41
        },
        "MoveToGoal.IsTraining.sum": {
            "value": 1.0,
            "min": 1.0,
            "max": 1.0,
            "count": 41
        }
    },
    "metadata": {
        "timer_format_version": "0.1.0",
        "start_time_seconds": "1708668658",
        "python_version": "3.10.12 | packaged by Anaconda, Inc. | (main, Jul  5 2023, 19:01:18) [MSC v.1916 64 bit (AMD64)]",
        "command_line_arguments": "\\\\?\\C:\\Users\\rkdtn\\anaconda3\\envs\\mlagents\\Scripts\\mlagents-learn config/MoveToGoal.yaml --run-id=testActions",
        "mlagents_version": "1.0.0",
        "mlagents_envs_version": "1.0.0",
        "communication_protocol_version": "1.5.0",
        "pytorch_version": "1.13.1+cu117",
        "numpy_version": "1.23.5",
        "end_time_seconds": "1708671913"
    },
    "total": 3254.4490089999745,
    "count": 1,
    "self": 0.003729299991391599,
    "children": {
        "run_training.setup": {
            "total": 0.05503239994868636,
            "count": 1,
            "self": 0.05503239994868636
        },
        "TrainerController.start_learning": {
            "total": 3254.3902473000344,
            "count": 1,
            "self": 4.89293857163284,
            "children": {
                "TrainerController._reset_env": {
                    "total": 6.373377999989316,
                    "count": 1,
                    "self": 6.373377999989316
                },
                "TrainerController.advance": {
                    "total": 3243.0250701284967,
                    "count": 419347,
                    "self": 4.030006546992809,
                    "children": {
                        "env_step": {
                            "total": 2606.8572849751217,
                            "count": 419347,
                            "self": 2143.0376092157094,
                            "children": {
                                "SubprocessEnvManager._take_step": {
                                    "total": 460.799522482208,
                                    "count": 419347,
                                    "self": 14.247132483171299,
                                    "children": {
                                        "TorchPolicy.evaluate": {
                                            "total": 446.5523899990367,
                                            "count": 412237,
                                            "self": 446.5523899990367
                                        }
                                    }
                                },
                                "workers": {
                                    "total": 3.020153277204372,
                                    "count": 419346,
                                    "self": 0.0,
                                    "children": {
                                        "worker_root": {
                                            "total": 3121.5573354806984,
                                            "count": 419346,
                                            "is_parallel": true,
                                            "self": 1300.6006104357075,
                                            "children": {
                                                "steps_from_proto": {
                                                    "total": 0.0008021999383345246,
                                                    "count": 1,
                                                    "is_parallel": true,