{"cameraMode":{"drawMode":0,"name":"Shaded","section":"Shading Mode"},"sceneLighting":true,"audioPlay":false,"sceneViewState":{"m_AlwaysRefresh":false,"showFog":true,"showSkybox":true,"showFlares":true,"showImageEffects":true,"showParticleSystems":true,"showVisualEffectGraphs":true,"m_FxEnabled":true},"in2DMode":false,"pivot":{"x":41.322662353515628,"y":-24.976943969726564,"z":44.3680534362793},"rotation":{"x":-0.4623708426952362,"y":0.021364515647292138,"z":-0.011139938607811928,"w":-0.8863816857337952},"size":38.646270751953128,"orthographic":true}