{"cameraMode":{"drawMode":0,"name":"Shaded","section":"Shading Mode"},"sceneLighting":true,"audioPlay":false,"sceneViewState":{"m_AlwaysRefresh":false,"showFog":true,"showSkybox":true,"showFlares":true,"showImageEffects":true,"showParticleSystems":true,"showVisualEffectGraphs":true,"m_FxEnabled":true},"in2DMode":false,"pivot":{"x":5.960464477539063e-8,"y":0.15958324074745179,"z":-0.02348819002509117},"rotation":{"x":-0.233733668923378,"y":-0.6452639102935791,"z":0.21730051934719087,"w":-0.6941694617271423},"size":1.8120582103729249,"orthographic":true}