{"cameraMode":{"drawMode":0,"name":"Shaded","section":"Shading Mode"},"sceneLighting":true,"audioPlay":false,"sceneViewState":{"m_AlwaysRefresh":false,"showFog":true,"showSkybox":true,"showFlares":true,"showImageEffects":true,"showParticleSystems":true,"showVisualEffectGraphs":true,"m_FxEnabled":true},"in2DMode":false,"pivot":{"x":29.901615142822267,"y":26.589038848876954,"z":7.112428665161133},"rotation":{"x":-0.43245261907577517,"y":-0.14753980934619904,"z":0.07197703421115875,"w":-0.8866124153137207},"size":39.05020523071289,"orthographic":true}